fips,state
01001,Alabama
01009,Alabama
01017,Alabama
01021,Alabama
01033,Alabama
01045,Alabama
01051,Alabama
01065,Alabama
01079,Alabama
01083,Alabama
01099,Alabama
01107,Alabama
01121,Alabama
05141,Arkansas
05145,Arkansas
06005,California
06021,California
06033,California
06043,California
06055,California
06089,California
06099,California
06115,California
08003,Colorado
08013,Colorado
08014,Colorado
08025,Colorado
08031,Colorado
08035,Colorado
08047,Colorado
12083,Florida
12087,Florida
12095,Florida
12111,Florida
12119,Florida
12125,Florida
13001,Georgia
13013,Georgia
13029,Georgia
13043,Georgia
13055,Georgia
13059,Georgia
13071,Georgia
13079,Georgia
13091,Georgia
13107,Georgia
13113,Georgia
13123,Georgia
08053,Colorado
08057,Colorado
08059,Colorado
08073,Colorado
08083,Colorado
08095,Colorado
08105,Colorado
08111,Colorado
08123,Colorado
09015,Connecticut
12001,Florida
12013,Florida
12023,Florida
12039,Florida
12055,Florida
12059,Florida
12073,Florida
04003,Arizona
04013,Arizona
05001,Arkansas
05009,Arkansas
05019,Arkansas
05029,Arkansas
05043,Arkansas
05051,Arkansas
05061,Arkansas
05071,Arkansas
05085,Arkansas
05097,Arkansas
05101,Arkansas
05111,Arkansas
05123,Arkansas
05129,Arkansas
13309,Georgia
13313,Georgia
13319,Georgia
16015,Idaho
16021,Idaho
16045,Idaho
16051,Idaho
16057,Idaho
16067,Idaho
16081,Idaho
17005,Illinois
17009,Illinois
17019,Illinois
17029,Illinois
17035,Illinois
17049,Illinois
17055,Illinois
17065,Illinois
18051,Indiana
18059,Indiana
18069,Indiana
18079,Indiana
18085,Indiana
18095,Indiana
18105,Indiana
18115,Indiana
18125,Indiana
18131,Indiana
18139,Indiana
18153,Indiana
18173,Indiana
18179,Indiana
18183,Indiana
19009,Iowa
19017,Iowa
19021,Iowa
19031,Iowa
19039,Iowa
17073,Illinois
17077,Illinois
17079,Illinois
17089,Illinois
17103,Illinois
17107,Illinois
17121,Illinois
17129,Illinois
17139,Illinois
17145,Illinois
17155,Illinois
17169,Illinois
17175,Illinois
17179,Illinois
17189,Illinois
17203,Illinois
18009,Indiana
18011,Indiana
18021,Indiana
18033,Indiana
13125,Georgia
13129,Georgia
13131,Georgia
13139,Georgia
13157,Georgia
13169,Georgia
13175,Georgia
13187,Georgia
13197,Georgia
13201,Georgia
13217,Georgia
13225,Georgia
13233,Georgia
13243,Georgia
13253,Georgia
13265,Georgia
13277,Georgia
13285,Georgia
13293,Georgia
13303,Georgia
20027,Kansas
20029,Kansas
20039,Kansas
20049,Kansas
20065,Kansas
20075,Kansas
20085,Kansas
20095,Kansas
20105,Kansas
20115,Kansas
20127,Kansas
20135,Kansas
20145,Kansas
20155,Kansas
20163,Kansas
20173,Kansas
20185,Kansas
20195,Kansas
20203,Kansas
20205,Kansas
21183,Kentucky
21187,Kentucky
21189,Kentucky
21199,Kentucky
21209,Kentucky
21219,Kentucky
21229,Kentucky
22001,Louisiana
22013,Louisiana
22033,Louisiana
22053,Louisiana
22073,Louisiana
22077,Louisiana
22089,Louisiana
22105,Louisiana
22115,Louisiana
21003,Kentucky
21009,Kentucky
21017,Kentucky
21025,Kentucky
21031,Kentucky
21043,Kentucky
21053,Kentucky
21063,Kentucky
21077,Kentucky
21087,Kentucky
21099,Kentucky
21103,Kentucky
21115,Kentucky
21121,Kentucky
21137,Kentucky
21143,Kentucky
21151,Kentucky
21157,Kentucky
21169,Kentucky
21175,Kentucky
19045,Iowa
19047,Iowa
19055,Iowa
19063,Iowa
19067,Iowa
19079,Iowa
19087,Iowa
19095,Iowa
19105,Iowa
19113,Iowa
19121,Iowa
19125,Iowa
19137,Iowa
19141,Iowa
19151,Iowa
19161,Iowa
19169,Iowa
19175,Iowa
19181,Iowa
19195,Iowa
20005,Kansas
20015,Kansas
27073,Minnesota
27083,Minnesota
27085,Minnesota
27093,Minnesota
27103,Minnesota
27113,Minnesota
27121,Minnesota
27127,Minnesota
27147,Minnesota
27153,Minnesota
27161,Minnesota
28003,Mississippi
28013,Mississippi
28017,Mississippi
28029,Mississippi
28037,Mississippi
28049,Mississippi
28061,Mississippi
28065,Mississippi
28075,Mississippi
22121,Louisiana
22127,Louisiana
23009,Maine
23029,Maine
24001,Maryland
24003,Maryland
24009,Maryland
24017,Maryland
24019,Maryland
24029,Maryland
24035,Maryland
24037,Maryland
24039,Maryland
24041,Maryland
25011,Massachusetts
26009,Michigan
26015,Michigan
26023,Michigan
26035,Michigan
26037,Michigan
26045,Michigan
26057,Michigan
26061,Michigan
26073,Michigan
26077,Michigan
26083,Michigan
26085,Michigan
26091,Michigan
26097,Michigan
26103,Michigan
26107,Michigan
26111,Michigan
26117,Michigan
26123,Michigan
26133,Michigan
26143,Michigan
26155,Michigan
26161,Michigan
26165,Michigan
27009,Minnesota
27019,Minnesota
27029,Minnesota
27039,Minnesota
27051,Minnesota
27057,Minnesota
27067,Minnesota
29097,Missouri
29103,Missouri
29109,Missouri
29117,Missouri
29131,Missouri
29137,Missouri
29151,Missouri
29159,Missouri
29169,Missouri
29179,Missouri
29195,Missouri
29205,Missouri
29211,Missouri
29221,Missouri
29229,Missouri
30013,Montana
30037,Montana
30043,Montana
31121,Nebraska
31125,Nebraska
31135,Nebraska
31137,Nebraska
31147,Nebraska
31159,Nebraska
31163,Nebraska
31171,Nebraska
31183,Nebraska
32009,Nevada
32021,Nevada
32033,Nevada
34007,New Jersey
34015,New Jersey
34031,New Jersey
35001,New Mexico
35006,New Mexico
30051,Montana
30059,Montana
30069,Montana
30093,Montana
30099,Montana
30107,Montana
31003,Nebraska
31009,Nebraska
31023,Nebraska
31035,Nebraska
31037,Nebraska
31047,Nebraska
31053,Nebraska
31063,Nebraska
31073,Nebraska
31085,Nebraska
31093,Nebraska
31097,Nebraska
31117,Nebraska
28079,Mississippi
28083,Mississippi
28095,Mississippi
28099,Mississippi
28103,Mississippi
28115,Mississippi
28117,Mississippi
28127,Mississippi
28139,Mississippi
28151,Mississippi
29001,Missouri
29009,Missouri
29021,Missouri
29033,Missouri
29043,Missouri
29053,Missouri
29065,Missouri
29075,Missouri
29085,Missouri
37001,North Carolina
37005,North Carolina
37017,North Carolina
37021,North Carolina
37027,North Carolina
37055,North Carolina
37057,North Carolina
37067,North Carolina
37081,North Carolina
37091,North Carolina
37103,North Carolina
37117,North Carolina
37127,North Carolina
37141,North Carolina
37151,North Carolina
37165,North Carolina
37167,North Carolina
39055,Ohio
39063,Ohio
39065,Ohio
39075,Ohio
39089,Ohio
39097,Ohio
39109,Ohio
39121,Ohio
39131,Ohio
39143,Ohio
39147,Ohio
39159,Ohio
39169,Ohio
39173,Ohio
40009,Oklahoma
40019,Oklahoma
40031,Oklahoma
40043,Oklahoma
40053,Oklahoma
37181,North Carolina
37191,North Carolina
37197,North Carolina
38007,North Dakota
38019,North Dakota
38031,North Dakota
38035,North Dakota
38045,North Dakota
38061,North Dakota
38073,North Dakota
38079,North Dakota
38091,North Dakota
38103,North Dakota
39003,Ohio
39015,Ohio
39027,Ohio
39039,Ohio
39047,Ohio
35015,New Mexico
35027,New Mexico
35028,New Mexico
35045,New Mexico
35053,New Mexico
36003,New York
36021,New York
36037,New York
36043,New York
36057,New York
36069,New York
36083,New York
36095,New York
36109,New York
36121,New York
36123,New York
42013,Pennsylvania
42015,Pennsylvania
42021,Pennsylvania
42031,Pennsylvania
42047,Pennsylvania
42063,Pennsylvania
42069,Pennsylvania
42087,Pennsylvania
42093,Pennsylvania
42105,Pennsylvania
42113,Pennsylvania
42123,Pennsylvania
45005,South Carolina
45009,South Carolina
45027,South Carolina
45039,South Carolina
47005,Tennessee
47007,Tennessee
47013,Tennessee
47027,Tennessee
47031,Tennessee
47045,Tennessee
47057,Tennessee
47069,Tennessee
47081,Tennessee
47093,Tennessee
47105,Tennessee
47117,Tennessee
47129,Tennessee
47139,Tennessee
47151,Tennessee
47173,Tennessee
47179,Tennessee
45049,South Carolina
45053,South Carolina
45075,South Carolina
45081,South Carolina
46003,South Dakota
46007,South Dakota
46017,South Dakota
46029,South Dakota
46035,South Dakota
46043,South Dakota
46055,South Dakota
46061,South Dakota
46087,South Dakota
46095,South Dakota
46103,South Dakota
46111,South Dakota
46125,South Dakota
46137,South Dakota
40059,Oklahoma
40063,Oklahoma
40073,Oklahoma
40081,Oklahoma
40087,Oklahoma
40097,Oklahoma
40109,Oklahoma
40123,Oklahoma
40127,Oklahoma
40147,Oklahoma
40153,Oklahoma
41017,Oregon
41031,Oregon
41037,Oregon
41053,Oregon
41069,Oregon
42005,Pennsylvania
48357,Texas
48359,Texas
48367,Texas
48379,Texas
48381,Texas
48393,Texas
48397,Texas
48411,Texas
48425,Texas
48429,Texas
48433,Texas
48445,Texas
48449,Texas
48459,Texas
48463,Texas
48475,Texas
48491,Texas
48497,Texas
48507,Texas
49011,Utah
47185,Tennessee
47189,Tennessee
48009,Texas
48011,Texas
48021,Texas
48031,Texas
48047,Texas
48053,Texas
48063,Texas
48069,Texas
48079,Texas
48095,Texas
48099,Texas
48103,Texas
48115,Texas
48123,Texas
48127,Texas
48137,Texas
48149,Texas
48159,Texas
48169,Texas
48177,Texas
48179,Texas
48185,Texas
48191,Texas
48195,Texas
48217,Texas
48227,Texas
48233,Texas
48247,Texas
48251,Texas
48263,Texas
48265,Texas
48275,Texas
48283,Texas
48297,Texas
48303,Texas
48309,Texas
48319,Texas
48329,Texas
48339,Texas
48349,Texas
48353,Texas
51121,Virginia
51125,Virginia
51141,Virginia
51145,Virginia
51155,Virginia
51157,Virginia
51173,Virginia
51187,Virginia
51197,Virginia
51510,Virginia
51530,Virginia
51540,Virginia
51595,Virginia
51660,Virginia
51670,Virginia
51760,Virginia
51775,Virginia
51820,Virginia
53013,Washington
53021,Washington
55029,Wisconsin
55033,Wisconsin
55039,Wisconsin
55045,Wisconsin
55063,Wisconsin
55069,Wisconsin
55073,Wisconsin
55081,Wisconsin
55095,Wisconsin
55103,Wisconsin
55115,Wisconsin
55129,Wisconsin
55141,Wisconsin
56025,Wyoming
56031,Wyoming
56033,Wyoming
56045,Wyoming
53041,Washington
53045,Washington
53065,Washington
54001,West Virginia
54007,West Virginia
54013,West Virginia
54021,West Virginia
54039,West Virginia
54049,West Virginia
54061,West Virginia
54079,West Virginia
54089,West Virginia
54101,West Virginia
55003,Wisconsin
55005,Wisconsin
55007,Wisconsin
55017,Wisconsin
55025,Wisconsin
49029,Utah
49031,Utah
49035,Utah
49051,Utah
50005,Vermont
50019,Vermont
51007,Virginia
51017,Virginia
51029,Virginia
51043,Virginia
51047,Virginia
51063,Virginia
51075,Virginia
51101,Virginia
51111,Virginia
51113,Virginia
01023,Alabama
01025,Alabama
01029,Alabama
01031,Alabama
01037,Alabama
01047,Alabama
01055,Alabama
01059,Alabama
01061,Alabama
01067,Alabama
01071,Alabama
01081,Alabama
01085,Alabama
01087,Alabama
01089,Alabama
05143,Arkansas
05147,Arkansas
06003,California
06007,California
01093,Alabama
01095,Alabama
01097,Alabama
01101,Alabama
01117,Alabama
01119,Alabama
01125,Alabama
01131,Alabama
01007,Alabama
01011,Alabama
01015,Alabama
06045,California
06049,California
06051,California
06057,California
06059,California
06065,California
06069,California
06073,California
06075,California
06113,California
08001,Colorado
08007,Colorado
08009,Colorado
08015,Colorado
08017,Colorado
08021,Colorado
08023,Colorado
08029,Colorado
08037,Colorado
08043,Colorado
06081,California
06083,California
06087,California
06095,California
06101,California
06103,California
06109,California
06009,California
06013,California
06015,California
13149,Georgia
20059,Kansas
06025,California
06029,California
06031,California
06039,California
13067,Georgia
13069,Georgia
13073,Georgia
13077,Georgia
13081,Georgia
13087,Georgia
13093,Georgia
13095,Georgia
13101,Georgia
13103,Georgia
13109,Georgia
13115,Georgia
13119,Georgia
08061,Colorado
08063,Colorado
08069,Colorado
12089,Florida
12091,Florida
12097,Florida
12099,Florida
12101,Florida
12107,Florida
12109,Florida
12113,Florida
12115,Florida
12117,Florida
12127,Florida
12131,Florida
13003,Georgia
13005,Georgia
13009,Georgia
13015,Georgia
13023,Georgia
13025,Georgia
13031,Georgia
13037,Georgia
13049,Georgia
13053,Georgia
13057,Georgia
13063,Georgia
09013,Connecticut
10005,Delaware
11001,District of Columbia
12003,Florida
12005,Florida
12011,Florida
12015,Florida
12071,Florida
12079,Florida
12081,Florida
08085,Colorado
12017,Florida
12029,Florida
12031,Florida
12041,Florida
12043,Florida
12045,Florida
12049,Florida
12051,Florida
12053,Florida
12061,Florida
12063,Florida
12069,Florida
08075,Colorado
08077,Colorado
08081,Colorado
08087,Colorado
08091,Colorado
08097,Colorado
08103,Colorado
08109,Colorado
08119,Colorado
08121,Colorado
08125,Colorado
09003,Connecticut
09007,Connecticut
05015,Arkansas
05017,Arkansas
05025,Arkansas
05027,Arkansas
05033,Arkansas
05045,Arkansas
05047,Arkansas
05053,Arkansas
05059,Arkansas
05067,Arkansas
05073,Arkansas
05081,Arkansas
05083,Arkansas
05087,Arkansas
16001,Idaho
16003,Idaho
16009,Idaho
16017,Idaho
16019,Idaho
05089,Arkansas
05091,Arkansas
05093,Arkansas
05099,Arkansas
05103,Arkansas
05113,Arkansas
05115,Arkansas
05121,Arkansas
05133,Arkansas
05137,Arkansas
13317,Georgia
13321,Georgia
04005,Arizona
04009,Arizona
04011,Arizona
04012,Arizona
04017,Arizona
04021,Arizona
04023,Arizona
04027,Arizona
05003,Arkansas
05013,Arkansas
16071,Idaho
16077,Idaho
16079,Idaho
16083,Idaho
17003,Illinois
17007,Illinois
17011,Illinois
17015,Illinois
17023,Illinois
17033,Illinois
17037,Illinois
17041,Illinois
17043,Illinois
18117,Indiana
18121,Indiana
18127,Indiana
18135,Indiana
18137,Indiana
18141,Indiana
18149,Indiana
18151,Indiana
18159,Indiana
18161,Indiana
18167,Indiana
18169,Indiana
18175,Indiana
18181,Indiana
19001,Iowa
17047,Illinois
17051,Illinois
17053,Illinois
17057,Illinois
17063,Illinois
18055,Indiana
18057,Indiana
18065,Indiana
18067,Indiana
18071,Indiana
18077,Indiana
18087,Indiana
18091,Indiana
18097,Indiana
18101,Indiana
18103,Indiana
18109,Indiana
16023,Idaho
16025,Idaho
16029,Idaho
16033,Idaho
16041,Idaho
16043,Idaho
16047,Idaho
16053,Idaho
16055,Idaho
16061,Idaho
16065,Idaho
16069,Idaho
18007,Indiana
18013,Indiana
18015,Indiana
18019,Indiana
18025,Indiana
18031,Indiana
18035,Indiana
18045,Indiana
13137,Georgia
13141,Georgia
13147,Georgia
13155,Georgia
13159,Georgia
13165,Georgia
13171,Georgia
13173,Georgia
20091,Kansas
20097,Kansas
20099,Kansas
20103,Kansas
20109,Kansas
20113,Kansas
20119,Kansas
20125,Kansas
20131,Kansas
20141,Kansas
20143,Kansas
20157,Kansas
20165,Kansas
20167,Kansas
20171,Kansas
20177,Kansas
22057,Louisiana
22061,Louisiana
22063,Louisiana
22069,Louisiana
22075,Louisiana
22079,Louisiana
22081,Louisiana
22085,Louisiana
21111,Kentucky
21113,Kentucky
21123,Kentucky
21129,Kentucky
21135,Kentucky
21139,Kentucky
21145,Kentucky
21153,Kentucky
21159,Kentucky
21167,Kentucky
21171,Kentucky
21173,Kentucky
21179,Kentucky
19053,Iowa
18003,Indiana
13181,Georgia
19061,Iowa
19069,Iowa
19075,Iowa
19077,Iowa
19089,Iowa
19093,Iowa
19101,Iowa
19103,Iowa
19107,Iowa
19111,Iowa
19127,Iowa
19129,Iowa
19135,Iowa
19139,Iowa
19145,Iowa
20181,Kansas
19153,Iowa
19155,Iowa
19159,Iowa
19163,Iowa
19171,Iowa
19177,Iowa
19183,Iowa
19189,Iowa
19193,Iowa
20003,Kansas
20009,Kansas
20017,Kansas
20019,Kansas
13211,Georgia
27081,Minnesota
27089,Minnesota
27091,Minnesota
27095,Minnesota
27097,Minnesota
27099,Minnesota
27105,Minnesota
27109,Minnesota
27111,Minnesota
27115,Minnesota
27117,Minnesota
27119,Minnesota
27129,Minnesota
27133,Minnesota
19059,Iowa
27141,Minnesota
27145,Minnesota
27149,Minnesota
27157,Minnesota
27163,Minnesota
27171,Minnesota
28005,Mississippi
28009,Mississippi
28011,Mississippi
28015,Mississippi
28021,Mississippi
28031,Mississippi
28039,Mississippi
19149,Iowa
28045,Mississippi
28051,Mississippi
28053,Mississippi
28059,Mississippi
28067,Mississippi
28073,Mississippi
23007,Maine
13215,Georgia
13239,Georgia
27077,Minnesota
45031,South Carolina
45035,South Carolina
45037,South Carolina
47011,Tennessee
47017,Tennessee
47021,Tennessee
47025,Tennessee
47033,Tennessee
47035,Tennessee
47041,Tennessee
47047,Tennessee
47049,Tennessee
47059,Tennessee
47061,Tennessee
27137,Minnesota
23015,Maine
23021,Maine
23023,Maine
23031,Maine
28041,Mississippi
31149,Nebraska
31151,Nebraska
31155,Nebraska
31161,Nebraska
31169,Nebraska
31173,Nebraska
31181,Nebraska
32005,Nevada
32007,Nevada
32013,Nevada
32017,Nevada
32023,Nevada
23011,Maine
39105,Ohio
39107,Ohio
39117,Ohio
39119,Ohio
39125,Ohio
39129,Ohio
39133,Ohio
39135,Ohio
39139,Ohio
39141,Ohio
39149,Ohio
39151,Ohio
39157,Ohio
39161,Ohio
47065,Tennessee
47067,Tennessee
47071,Tennessee
47077,Tennessee
47083,Tennessee
47087,Tennessee
47095,Tennessee
47101,Tennessee
47107,Tennessee
47109,Tennessee
47111,Tennessee
47119,Tennessee
47125,Tennessee
47135,Tennessee
47137,Tennessee
24011,Maryland
24013,Maryland
24021,Maryland
24023,Maryland
24031,Maryland
24033,Maryland
24043,Maryland
32031,Nevada
32510,Nevada
33003,New Hampshire
33009,New Hampshire
33015,New Hampshire
33019,New Hampshire
34003,New Jersey
34009,New Jersey
34013,New Jersey
39167,Ohio
39171,Ohio
39175,Ohio
40003,Oklahoma
40011,Oklahoma
40013,Oklahoma
40017,Oklahoma
40025,Oklahoma
40029,Oklahoma
40035,Oklahoma
40039,Oklahoma
40045,Oklahoma
40049,Oklahoma
40055,Oklahoma
37193,North Carolina
47141,Tennessee
48045,Texas
48049,Texas
48055,Texas
48061,Texas
48065,Texas
48067,Texas
48073,Texas
48077,Texas
48081,Texas
48085,Texas
48087,Texas
48091,Texas
24047,Maryland
25007,Massachusetts
25013,Massachusetts
25015,Massachusetts
25017,Massachusetts
34017,New Jersey
34019,New Jersey
34021,New Jersey
34029,New Jersey
34033,New Jersey
34035,New Jersey
34041,New Jersey
35007,New Mexico
30055,Montana
30057,Montana
37195,North Carolina
37199,North Carolina
38005,North Dakota
38009,North Dakota
38017,North Dakota
38027,North Dakota
38029,North Dakota
38037,North Dakota
38039,North Dakota
38043,North Dakota
38047,North Dakota
38053,North Dakota
38059,North Dakota
38063,North Dakota
47001,Tennessee
47003,Tennessee
40065,Oklahoma
40071,Oklahoma
40083,Oklahoma
40085,Oklahoma
40091,Oklahoma
40099,Oklahoma
40101,Oklahoma
40107,Oklahoma
40111,Oklahoma
40117,Oklahoma
40119,Oklahoma
40125,Oklahoma
25021,Massachusetts
25023,Massachusetts
26003,Michigan
26005,Michigan
26007,Michigan
30063,Montana
30065,Montana
30071,Montana
30077,Montana
30083,Montana
30087,Montana
30091,Montana
30097,Montana
30101,Montana
38065,North Dakota
38067,North Dakota
38071,North Dakota
38075,North Dakota
38081,North Dakota
38089,North Dakota
38093,North Dakota
38097,North Dakota
38101,North Dakota
39001,Ohio
39005,Ohio
39011,Ohio
39013,Ohio
39017,Ohio
39019,Ohio
42003,Pennsylvania
42007,Pennsylvania
48361,Texas
48369,Texas
48383,Texas
48385,Texas
48387,Texas
48395,Texas
48399,Texas
48403,Texas
48415,Texas
48417,Texas
48419,Texas
48423,Texas
48427,Texas
48431,Texas
26017,Michigan
26019,Michigan
26021,Michigan
26027,Michigan
26031,Michigan
26033,Michigan
30109,Montana
31007,Nebraska
31011,Nebraska
31013,Nebraska
31019,Nebraska
31025,Nebraska
31029,Nebraska
31033,Nebraska
31039,Nebraska
31045,Nebraska
31051,Nebraska
31057,Nebraska
31071,Nebraska
31075,Nebraska
39023,Ohio
39025,Ohio
39029,Ohio
39033,Ohio
39037,Ohio
39041,Ohio
39043,Ohio
39049,Ohio
35019,New Mexico
35021,New Mexico
35025,New Mexico
35033,New Mexico
35039,New Mexico
47143,Tennessee
47147,Tennessee
47149,Tennessee
47155,Tennessee
47161,Tennessee
47167,Tennessee
47175,Tennessee
47177,Tennessee
45055,South Carolina
45061,South Carolina
45065,South Carolina
45071,South Carolina
45073,South Carolina
26041,Michigan
26043,Michigan
26047,Michigan
26051,Michigan
26065,Michigan
26069,Michigan
17131,Illinois
13191,Georgia
31079,Nebraska
31081,Nebraska
31083,Nebraska
31087,Nebraska
31099,Nebraska
31101,Nebraska
31105,Nebraska
31109,Nebraska
31115,Nebraska
31119,Nebraska
28091,Mississippi
28097,Mississippi
28101,Mississippi
28109,Mississippi
28119,Mississippi
28121,Mississippi
28129,Mississippi
35041,New Mexico
35043,New Mexico
35049,New Mexico
35057,New Mexico
35061,New Mexico
36007,New York
36011,New York
36013,New York
36019,New York
36027,New York
36033,New York
36035,New York
36039,New York
40131,Oklahoma
40135,Oklahoma
40137,Oklahoma
40143,Oklahoma
40145,Oklahoma
40149,Oklahoma
41003,Oregon
41005,Oregon
41011,Oregon
41013,Oregon
41021,Oregon
41027,Oregon
26075,Michigan
26079,Michigan
26081,Michigan
26087,Michigan
26093,Michigan
26095,Michigan
26099,Michigan
26101,Michigan
26115,Michigan
28137,Mississippi
28141,Mississippi
28143,Mississippi
28153,Mississippi
28155,Mississippi
28157,Mississippi
28163,Mississippi
29007,Missouri
29017,Missouri
29023,Missouri
29029,Missouri
29035,Missouri
29041,Missouri
29045,Missouri
36041,New York
36045,New York
36051,New York
36055,New York
36059,New York
36063,New York
36071,New York
36073,New York
36075,New York
48435,Texas
48437,Texas
48441,Texas
48447,Texas
48451,Texas
48453,Texas
48457,Texas
48467,Texas
48469,Texas
48477,Texas
48483,Texas
48485,Texas
48489,Texas
48499,Texas
49001,Utah
49007,Utah
26071,Michigan
26125,Michigan
26131,Michigan
26135,Michigan
26145,Michigan
26147,Michigan
26157,Michigan
29047,Missouri
29051,Missouri
29055,Missouri
29057,Missouri
29061,Missouri
29067,Missouri
29073,Missouri
29077,Missouri
29079,Missouri
29087,Missouri
37011,North Carolina
37013,North Carolina
37019,North Carolina
37025,North Carolina
13223,Georgia
36081,New York
36087,New York
36089,New York
36093,New York
36099,New York
36103,New York
36107,New York
36117,New York
42017,Pennsylvania
42023,Pennsylvania
45079,South Carolina
45083,South Carolina
45085,South Carolina
45089,South Carolina
46005,South Dakota
46011,South Dakota
46019,South Dakota
46023,South Dakota
46033,South Dakota
46039,South Dakota
46041,South Dakota
46045,South Dakota
46051,South Dakota
46059,South Dakota
26159,Michigan
26163,Michigan
27001,Minnesota
27003,Minnesota
27011,Minnesota
27017,Minnesota
27025,Minnesota
27035,Minnesota
27037,Minnesota
27041,Minnesota
27043,Minnesota
27045,Minnesota
27053,Minnesota
27059,Minnesota
37035,North Carolina
37037,North Carolina
37039,North Carolina
37041,North Carolina
37047,North Carolina
37059,North Carolina
37061,North Carolina
37065,North Carolina
37069,North Carolina
37071,North Carolina
37075,North Carolina
37077,North Carolina
37083,North Carolina
37087,North Carolina
42027,Pennsylvania
42029,Pennsylvania
42033,Pennsylvania
42039,Pennsylvania
42045,Pennsylvania
42049,Pennsylvania
42051,Pennsylvania
42055,Pennsylvania
42061,Pennsylvania
42067,Pennsylvania
42073,Pennsylvania
42079,Pennsylvania
41029,Oregon
41033,Oregon
41039,Oregon
41043,Oregon
41049,Oregon
41051,Oregon
41059,Oregon
41065,Oregon
41071,Oregon
27063,Minnesota
27065,Minnesota
27069,Minnesota
29105,Missouri
29111,Missouri
29119,Missouri
29125,Missouri
29129,Missouri
29139,Missouri
29141,Missouri
29147,Missouri
29153,Missouri
29157,Missouri
29161,Missouri
29167,Missouri
37095,North Carolina
37099,North Carolina
37105,North Carolina
37111,North Carolina
37115,North Carolina
37121,North Carolina
37129,North Carolina
37135,North Carolina
37139,North Carolina
37143,North Carolina
37147,North Carolina
37153,North Carolina
42085,Pennsylvania
42089,Pennsylvania
42095,Pennsylvania
42101,Pennsylvania
42109,Pennsylvania
42111,Pennsylvania
42115,Pennsylvania
42119,Pennsylvania
42121,Pennsylvania
42125,Pennsylvania
42133,Pennsylvania
49009,Utah
49013,Utah
49019,Utah
49023,Utah
48001,Texas
48013,Texas
48015,Texas
48017,Texas
48023,Texas
48025,Texas
48029,Texas
48033,Texas
48035,Texas
48039,Texas
29171,Missouri
29175,Missouri
29177,Missouri
29181,Missouri
29186,Missouri
29187,Missouri
29197,Missouri
29203,Missouri
29207,Missouri
29213,Missouri
29219,Missouri
29225,Missouri
29510,Missouri
30003,Montana
37159,North Carolina
37163,North Carolina
37169,North Carolina
37175,North Carolina
39061,Ohio
39071,Ohio
39077,Ohio
39081,Ohio
39087,Ohio
39093,Ohio
39099,Ohio
39101,Ohio
44001,Rhode Island
44003,Rhode Island
44005,Rhode Island
45001,South Carolina
45003,South Carolina
45007,South Carolina
45017,South Carolina
45023,South Carolina
45025,South Carolina
46063,South Dakota
46065,South Dakota
46069,South Dakota
46075,South Dakota
46079,South Dakota
46085,South Dakota
46093,South Dakota
46097,South Dakota
46101,South Dakota
46113,South Dakota
46115,South Dakota
46117,South Dakota
46121,South Dakota
46127,South Dakota
30005,Montana
30009,Montana
30015,Montana
30019,Montana
30023,Montana
30029,Montana
30035,Montana
30041,Montana
31129,Nebraska
31133,Nebraska
31141,Nebraska
19007,Iowa
19011,Iowa
19015,Iowa
19019,Iowa
19023,Iowa
19027,Iowa
19033,Iowa
17081,Illinois
17091,Illinois
17093,Illinois
17099,Illinois
17101,Illinois
17105,Illinois
17109,Illinois
17111,Illinois
17117,Illinois
17125,Illinois
17127,Illinois
13185,Georgia
13189,Georgia
13195,Georgia
13199,Georgia
13205,Georgia
13209,Georgia
13213,Georgia
13221,Georgia
13229,Georgia
13231,Georgia
13235,Georgia
13241,Georgia
13247,Georgia
13255,Georgia
13257,Georgia
13267,Georgia
13269,Georgia
20183,Kansas
20187,Kansas
20189,Kansas
20197,Kansas
20207,Kansas
21191,Kentucky
21193,Kentucky
21201,Kentucky
21205,Kentucky
21207,Kentucky
21217,Kentucky
21221,Kentucky
21231,Kentucky
21233,Kentucky
21237,Kentucky
21239,Kentucky
22005,Louisiana
22091,Louisiana
22093,Louisiana
22097,Louisiana
22099,Louisiana
22103,Louisiana
22113,Louisiana
22117,Louisiana
21011,Kentucky
21013,Kentucky
21015,Kentucky
21027,Kentucky
21029,Kentucky
17133,Illinois
17137,Illinois
17141,Illinois
17143,Illinois
17147,Illinois
17153,Illinois
17159,Illinois
17165,Illinois
17167,Illinois
17177,Illinois
17183,Illinois
17191,Illinois
17195,Illinois
17197,Illinois
18001,Indiana
13275,Georgia
13279,Georgia
13281,Georgia
13289,Georgia
13295,Georgia
13301,Georgia
20035,Kansas
20041,Kansas
20047,Kansas
20051,Kansas
20053,Kansas
20057,Kansas
20063,Kansas
20073,Kansas
20077,Kansas
20079,Kansas
20087,Kansas
22011,Louisiana
22015,Louisiana
22017,Louisiana
22023,Louisiana
22031,Louisiana
22035,Louisiana
22041,Louisiana
22043,Louisiana
22049,Louisiana
22051,Louisiana
22055,Louisiana
21035,Kentucky
21039,Kentucky
21041,Kentucky
21045,Kentucky
21057,Kentucky
21065,Kentucky
21067,Kentucky
21071,Kentucky
21079,Kentucky
21083,Kentucky
21085,Kentucky
21091,Kentucky
21097,Kentucky
21101,Kentucky
21107,Kentucky
48267,Texas
48271,Texas
48277,Texas
48281,Texas
48285,Texas
48287,Texas
48291,Texas
48293,Texas
48295,Texas
48301,Texas
48305,Texas
48307,Texas
48317,Texas
48323,Texas
48327,Texas
48331,Texas
48333,Texas
51800,Virginia
51810,Virginia
51840,Virginia
53001,Washington
53003,Washington
53005,Washington
53015,Washington
53017,Washington
53019,Washington
53023,Washington
53025,Washington
51600,Virginia
55101,Wisconsin
55107,Wisconsin
55111,Wisconsin
55113,Wisconsin
55119,Wisconsin
55123,Wisconsin
55125,Wisconsin
55133,Wisconsin
55139,Wisconsin
56003,Wyoming
56009,Wyoming
56017,Wyoming
56019,Wyoming
54023,West Virginia
54025,West Virginia
54027,West Virginia
54033,West Virginia
54037,West Virginia
54045,West Virginia
54051,West Virginia
54053,West Virginia
54059,West Virginia
54065,West Virginia
54069,West Virginia
54075,West Virginia
48341,Texas
54083,West Virginia
54087,West Virginia
54091,West Virginia
54093,West Virginia
54097,West Virginia
54099,West Virginia
54103,West Virginia
54105,West Virginia
54107,West Virginia
55011,Wisconsin
55013,Wisconsin
55019,Wisconsin
55021,Wisconsin
55023,Wisconsin
53029,Washington
49039,Utah
49043,Utah
49045,Utah
49049,Utah
49057,Utah
50003,Vermont
50007,Vermont
50011,Vermont
50015,Vermont
50021,Vermont
56023,Wyoming
51005,Virginia
51011,Virginia
51013,Virginia
51015,Virginia
51019,Virginia
51025,Virginia
51031,Virginia
51033,Virginia
51036,Virginia
51045,Virginia
51049,Virginia
51051,Virginia
54081,West Virginia
51061,Virginia
51067,Virginia
51069,Virginia
51073,Virginia
51081,Virginia
51085,Virginia
51091,Virginia
51095,Virginia
51103,Virginia
49037,Utah
51119,Virginia
50025,Vermont
53037,Washington
53039,Washington
53059,Washington
53075,Washington
54017,West Virginia
54029,West Virginia
54043,West Virginia
54055,West Virginia
54073,West Virginia
54085,West Virginia
54095,West Virginia
51057,Virginia
51115,Virginia
22095,Louisiana
22111,Louisiana
21001,Kentucky
21005,Kentucky
21007,Kentucky
21019,Kentucky
21037,Kentucky
21049,Kentucky
21061,Kentucky
21069,Kentucky
21081,Kentucky
21093,Kentucky
21109,Kentucky
21125,Kentucky
21131,Kentucky
40037,Oklahoma
40047,Oklahoma
37183,North Carolina
37187,North Carolina
38003,North Dakota
38013,North Dakota
38025,North Dakota
38041,North Dakota
38055,North Dakota
38069,North Dakota
38087,North Dakota
38095,North Dakota
39009,Ohio
39021,Ohio
54109,West Virginia
55015,Wisconsin
55027,Wisconsin
49027,Utah
49033,Utah
49041,Utah
49055,Utah
50013,Vermont
51003,Virginia
51009,Virginia
51023,Virginia
51035,Virginia
51053,Virginia
51065,Virginia
01003,Alabama
01027,Alabama
01041,Alabama
01057,Alabama
01073,Alabama
01091,Alabama
01103,Alabama
01115,Alabama
01129,Alabama
21147,Kentucky
21165,Kentucky
21181,Kentucky
19041,Iowa
19043,Iowa
19049,Iowa
19057,Iowa
19073,Iowa
19081,Iowa
19091,Iowa
19099,Iowa
19115,Iowa
19131,Iowa
19147,Iowa
19157,Iowa
19165,Iowa
19179,Iowa
19187,Iowa
19197,Iowa
39031,Ohio
39045,Ohio
35013,New Mexico
35017,New Mexico
35037,New Mexico
35059,New Mexico
36017,New York
36031,New York
36049,New York
36065,New York
36077,New York
51079,Virginia
12129,Florida
13011,Georgia
13019,Georgia
13027,Georgia
13033,Georgia
13039,Georgia
13051,Georgia
13061,Georgia
05149,Arkansas
06011,California
06027,California
06047,California
06063,California
06077,California
06091,California
06107,California
08011,Colorado
08019,Colorado
08027,Colorado
20013,Kansas
20023,Kansas
27071,Minnesota
27079,Minnesota
27087,Minnesota
27101,Minnesota
27107,Minnesota
27125,Minnesota
27131,Minnesota
27143,Minnesota
27159,Minnesota
27169,Minnesota
28007,Mississippi
28023,Mississippi
28035,Mississippi
28043,Mississippi
36091,New York
36101,New York
36113,New York
42011,Pennsylvania
42019,Pennsylvania
42025,Pennsylvania
42037,Pennsylvania
42053,Pennsylvania
42057,Pennsylvania
42075,Pennsylvania
42081,Pennsylvania
42099,Pennsylvania
42117,Pennsylvania
42131,Pennsylvania
01005,Alabama
01013,Alabama
01019,Alabama
06041,California
06053,California
06061,California
08041,Colorado
08049,Colorado
12085,Florida
12093,Florida
12105,Florida
12121,Florida
12133,Florida
13007,Georgia
13021,Georgia
13035,Georgia
13047,Georgia
13065,Georgia
13075,Georgia
28057,Mississippi
28069,Mississippi
22119,Louisiana
22125,Louisiana
23017,Maine
24015,Maryland
24027,Maryland
25001,Massachusetts
25003,Massachusetts
25027,Massachusetts
26025,Michigan
26039,Michigan
26049,Michigan
44007,Rhode Island
45021,South Carolina
45033,South Carolina
45045,South Carolina
47009,Tennessee
47019,Tennessee
47037,Tennessee
47051,Tennessee
47063,Tennessee
47075,Tennessee
47085,Tennessee
47099,Tennessee
47113,Tennessee
47127,Tennessee
06019,California
06023,California
06035,California
06037,California
13085,Georgia
13099,Georgia
13117,Georgia
08051,Colorado
08055,Colorado
08065,Colorado
08079,Colorado
08089,Colorado
08101,Colorado
08117,Colorado
09005,Connecticut
12007,Florida
12019,Florida
12027,Florida
12035,Florida
26059,Michigan
26063,Michigan
26113,Michigan
26119,Michigan
26129,Michigan
26137,Michigan
26149,Michigan
27005,Minnesota
27013,Minnesota
27023,Minnesota
27033,Minnesota
27047,Minnesota
27061,Minnesota
29095,Missouri
47133,Tennessee
47145,Tennessee
47159,Tennessee
47165,Tennessee
45047,South Carolina
45051,South Carolina
45059,South Carolina
45069,South Carolina
45087,South Carolina
46015,South Dakota
46025,South Dakota
46037,South Dakota
46049,South Dakota
46057,South Dakota
46067,South Dakota
46077,South Dakota
51097,Virginia
51109,Virginia
01035,Alabama
01039,Alabama
01049,Alabama
01053,Alabama
01063,Alabama
01069,Alabama
01075,Alabama
01077,Alabama
12047,Florida
12067,Florida
12077,Florida
04001,Arizona
04007,Arizona
04019,Arizona
05011,Arkansas
05023,Arkansas
05037,Arkansas
05039,Arkansas
05055,Arkansas
05065,Arkansas
05079,Arkansas
29099,Missouri
29115,Missouri
29121,Missouri
29135,Missouri
29145,Missouri
29163,Missouri
29173,Missouri
29185,Missouri
29201,Missouri
29215,Missouri
29223,Missouri
30007,Montana
30021,Montana
30031,Montana
46091,South Dakota
46107,South Dakota
46119,South Dakota
46129,South Dakota
40057,Oklahoma
40061,Oklahoma
40069,Oklahoma
40075,Oklahoma
40093,Oklahoma
40103,Oklahoma
40115,Oklahoma
40133,Oklahoma
40141,Oklahoma
41009,Oregon
06067,California
06071,California
06111,California
08005,Colorado
05109,Arkansas
05117,Arkansas
05135,Arkansas
13307,Georgia
13311,Georgia
13315,Georgia
16005,Idaho
16027,Idaho
16039,Idaho
16063,Idaho
16075,Idaho
17001,Illinois
17017,Illinois
30047,Montana
31123,Nebraska
31127,Nebraska
31143,Nebraska
31153,Nebraska
31167,Nebraska
31179,Nebraska
31185,Nebraska
32011,Nevada
32027,Nevada
33005,New Hampshire
33017,New Hampshire
34027,New Jersey
34037,New Jersey
41023,Oregon
41047,Oregon
41061,Oregon
42009,Pennsylvania
48355,Texas
48363,Texas
48373,Texas
48389,Texas
48405,Texas
48413,Texas
48421,Texas
48439,Texas
48455,Texas
48471,Texas
13083,Georgia
13089,Georgia
13097,Georgia
13105,Georgia
13111,Georgia
13121,Georgia
08067,Colorado
08071,Colorado
05095,Arkansas
17025,Illinois
17039,Illinois
17045,Illinois
17061,Illinois
17069,Illinois
18049,Indiana
18053,Indiana
18063,Indiana
18075,Indiana
18093,Indiana
18099,Indiana
18113,Indiana
18119,Indiana
18133,Indiana
18145,Indiana
18157,Indiana
35011,New Mexico
30049,Montana
30053,Montana
30075,Montana
30085,Montana
31001,Nebraska
31005,Nebraska
31017,Nebraska
31027,Nebraska
31041,Nebraska
31059,Nebraska
31069,Nebraska
31077,Nebraska
31089,Nebraska
48481,Texas
48493,Texas
48503,Texas
49005,Utah
49017,Utah
47183,Tennessee
47187,Tennessee
48003,Texas
48019,Texas
48027,Texas
48041,Texas
48059,Texas
48075,Texas
48083,Texas
48089,Texas
06001,California
01105,Alabama
01111,Alabama
01113,Alabama
01123,Alabama
18165,Indiana
19003,Iowa
19013,Iowa
19025,Iowa
19035,Iowa
17071,Illinois
17075,Illinois
17087,Illinois
17095,Illinois
17113,Illinois
17123,Illinois
17135,Illinois
17151,Illinois
17163,Illinois
17187,Illinois
17199,Illinois
31107,Nebraska
28077,Mississippi
28081,Mississippi
28085,Mississippi
28087,Mississippi
28107,Mississippi
28123,Mississippi
28133,Mississippi
28145,Mississippi
28159,Mississippi
29003,Missouri
29015,Missouri
29027,Missouri
29039,Missouri
29049,Missouri
29059,Missouri
29071,Missouri
48107,Texas
48119,Texas
48131,Texas
48143,Texas
48153,Texas
48163,Texas
48171,Texas
48173,Texas
48175,Texas
48183,Texas
48187,Texas
48205,Texas
48209,Texas
48219,Texas
48231,Texas
48241,Texas
48255,Texas
48269,Texas
48279,Texas
48289,Texas
08033,Colorado
08039,Colorado
08045,Colorado
06079,California
06093,California
06097,California
06105,California
06017,California
18005,Indiana
18017,Indiana
18027,Indiana
18041,Indiana
18043,Indiana
13127,Georgia
13133,Georgia
13143,Georgia
13153,Georgia
13163,Georgia
13183,Georgia
13193,Georgia
13207,Georgia
13219,Georgia
13227,Georgia
13237,Georgia
13249,Georgia
29083,Missouri
29093,Missouri
37003,North Carolina
37007,North Carolina
37009,North Carolina
37033,North Carolina
37045,North Carolina
37063,North Carolina
37073,North Carolina
37085,North Carolina
37097,North Carolina
37109,North Carolina
37123,North Carolina
37133,North Carolina
37145,North Carolina
48299,Texas
48313,Texas
48325,Texas
48335,Texas
48343,Texas
51127,Virginia
51133,Virginia
51167,Virginia
51179,Virginia
51515,Virginia
51590,Virginia
51620,Virginia
51680,Virginia
51720,Virginia
51740,Virginia
51830,Virginia
12086,Florida
12103,Florida
12123,Florida
13259,Georgia
13271,Georgia
13283,Georgia
13297,Georgia
20025,Kansas
20031,Kansas
20033,Kansas
20045,Kansas
20055,Kansas
20069,Kansas
20081,Kansas
20093,Kansas
20101,Kansas
20111,Kansas
20123,Kansas
20133,Kansas
20139,Kansas
20151,Kansas
20159,Kansas
20169,Kansas
37157,North Carolina
37173,North Carolina
37179,North Carolina
39059,Ohio
39069,Ohio
39083,Ohio
39091,Ohio
39103,Ohio
39115,Ohio
39127,Ohio
39137,Ohio
39153,Ohio
39165,Ohio
40005,Oklahoma
40015,Oklahoma
40027,Oklahoma
53011,Washington
53035,Washington
55053,Wisconsin
55067,Wisconsin
55078,Wisconsin
55087,Wisconsin
55099,Wisconsin
55109,Wisconsin
55121,Wisconsin
55135,Wisconsin
56005,Wyoming
56015,Wyoming
56041,Wyoming
01127,Alabama
01133,Alabama
20179,Kansas
20191,Kansas
20209,Kansas
21185,Kentucky
21197,Kentucky
21203,Kentucky
21215,Kentucky
21227,Kentucky
21235,Kentucky
22007,Louisiana
22021,Louisiana
22025,Louisiana
22047,Louisiana
22059,Louisiana
22067,Louisiana
22083,Louisiana
48101,Texas
48105,Texas
48109,Texas
48111,Texas
48113,Texas
48121,Texas
48125,Texas
48133,Texas
48139,Texas
48145,Texas
48147,Texas
48151,Texas
48157,Texas
48181,Texas
48189,Texas
48193,Texas
48345,Texas
48347,Texas
48351,Texas
51135,Virginia
51137,Virginia
51139,Virginia
51143,Virginia
51153,Virginia
51163,Virginia
51169,Virginia
51171,Virginia
51181,Virginia
51183,Virginia
53033,Washington
55035,Wisconsin
55037,Wisconsin
55041,Wisconsin
55043,Wisconsin
55047,Wisconsin
55049,Wisconsin
55055,Wisconsin
55057,Wisconsin
55059,Wisconsin
56027,Wyoming
56029,Wyoming
56035,Wyoming
56037,Wyoming
56043,Wyoming
53043,Washington
53051,Washington
53053,Washington
48197,Texas
48199,Texas
48201,Texas
48203,Texas
48211,Texas
48213,Texas
48215,Texas
48223,Texas
48235,Texas
48237,Texas
48239,Texas
48243,Texas
48249,Texas
48253,Texas
48259,Texas
51185,Virginia
51191,Virginia
51195,Virginia
51520,Virginia
51550,Virginia
51580,Virginia
51610,Virginia
51640,Virginia
51678,Virginia
51683,Virginia
51685,Virginia
51710,Virginia
51730,Virginia
51750,Virginia
51790,Virginia
55065,Wisconsin
55075,Wisconsin
55077,Wisconsin
55083,Wisconsin
55085,Wisconsin
55091,Wisconsin
55093,Wisconsin
55097,Wisconsin
53063,Washington
53067,Washington
53069,Washington
53077,Washington
54003,West Virginia
54005,West Virginia
54009,West Virginia
54011,West Virginia
54015,West Virginia
54019,West Virginia
12037,Florida
12057,Florida
12065,Florida
08093,Colorado
08099,Colorado
08107,Colorado
08113,Colorado
08115,Colorado
05125,Arkansas
05131,Arkansas
05139,Arkansas
18171,Indiana
18177,Indiana
19005,Iowa
17059,Illinois
17067,Illinois
18061,Indiana
18073,Indiana
18081,Indiana
18083,Indiana
18089,Indiana
18107,Indiana
20121,Kansas
20129,Kansas
20137,Kansas
20147,Kansas
20153,Kansas
20161,Kansas
20175,Kansas
22065,Louisiana
09001,Connecticut
05021,Arkansas
21119,Kentucky
21127,Kentucky
21133,Kentucky
21141,Kentucky
21149,Kentucky
21155,Kentucky
04015,Arizona
21163,Kentucky
21177,Kentucky
19051,Iowa
19065,Iowa
19071,Iowa
19083,Iowa
19085,Iowa
19097,Iowa
19109,Iowa
18111,Indiana
19119,Iowa
19133,Iowa
19143,Iowa
19167,Iowa
19173,Iowa
19185,Iowa
19191,Iowa
20001,Kansas
20007,Kansas
20011,Kansas
22071,Louisiana
27075,Minnesota
21161,Kentucky
27123,Minnesota
27135,Minnesota
27151,Minnesota
27155,Minnesota
27165,Minnesota
27167,Minnesota
27173,Minnesota
28001,Mississippi
28019,Mississippi
28025,Mississippi
28027,Mississippi
19117,Iowa
37053,North Carolina
37079,North Carolina
37089,North Carolina
42035,Pennsylvania
42041,Pennsylvania
20021,Kansas
28055,Mississippi
28063,Mississippi
28071,Mississippi
23001,Maine
23003,Maine
22087,Louisiana
38015,North Dakota
38021,North Dakota
38023,North Dakota
38033,North Dakota
38049,North Dakota
28047,Mississippi
28105,Mississippi
28111,Mississippi
28113,Mississippi
28125,Mississippi
28131,Mississippi
35047,New Mexico
35051,New Mexico
35055,New Mexico
36001,New York
36005,New York
42043,Pennsylvania
42059,Pennsylvania
42065,Pennsylvania
42071,Pennsylvania
42077,Pennsylvania
42083,Pennsylvania
41035,Oregon
23005,Maine
45029,South Carolina
45041,South Carolina
45043,South Carolina
47023,Tennessee
38051,North Dakota
38057,North Dakota
40067,Oklahoma
40077,Oklahoma
40079,Oklahoma
40089,Oklahoma
40095,Oklahoma
40105,Oklahoma
40113,Oklahoma
36015,New York
36023,New York
36025,New York
36029,New York
40139,Oklahoma
40151,Oklahoma
41001,Oregon
41007,Oregon
41041,Oregon
31139,Nebraska
31145,Nebraska
19029,Iowa
19037,Iowa
17083,Illinois
17085,Illinois
17097,Illinois
17115,Illinois
17119,Illinois
47039,Tennessee
47043,Tennessee
47053,Tennessee
47055,Tennessee
23013,Maine
23019,Maine
23025,Maine
40121,Oklahoma
40129,Oklahoma
24045,Maryland
25025,Massachusetts
26001,Michigan
41015,Oregon
41025,Oregon
26089,Michigan
26105,Michigan
28147,Mississippi
42107,Pennsylvania
42127,Pennsylvania
42129,Pennsylvania
49015,Utah
49021,Utah
49025,Utah
47029,Tennessee
23027,Maine
31157,Nebraska
31165,Nebraska
31175,Nebraska
31177,Nebraska
32001,Nevada
32003,Nevada
26011,Michigan
30067,Montana
30073,Montana
30079,Montana
30081,Montana
30089,Montana
30095,Montana
26109,Michigan
28149,Mississippi
28161,Mississippi
29005,Missouri
29011,Missouri
29019,Missouri
29025,Missouri
39085,Ohio
39095,Ohio
44009,Rhode Island
45011,South Carolina
45013,South Carolina
32015,Nevada
32019,Nevada
32029,Nevada
39111,Ohio
39113,Ohio
39123,Ohio
39145,Ohio
39155,Ohio
30103,Montana
30105,Montana
38077,North Dakota
38085,North Dakota
38099,North Dakota
38105,North Dakota
29031,Missouri
29037,Missouri
36047,New York
36053,New York
36061,New York
36067,New York
41045,Oregon
41055,Oregon
41057,Oregon
41063,Oregon
41067,Oregon
29101,Missouri
29107,Missouri
29113,Missouri
29123,Missouri
29127,Missouri
39163,Ohio
47073,Tennessee
47079,Tennessee
47089,Tennessee
47091,Tennessee
47097,Tennessee
47103,Tennessee
47115,Tennessee
47121,Tennessee
47123,Tennessee
47131,Tennessee
39007,Ohio
48371,Texas
48377,Texas
48391,Texas
48401,Texas
48407,Texas
48409,Texas
36079,New York
48443,Texas
48461,Texas
48465,Texas
48473,Texas
48479,Texas
48487,Texas
48495,Texas
48501,Texas
48505,Texas
49003,Utah
48005,Texas
48007,Texas
48037,Texas
48043,Texas
29183,Missouri
29189,Missouri
29199,Missouri
24005,Maryland
24025,Maryland
26013,Michigan
26029,Michigan
30111,Montana
31015,Nebraska
31021,Nebraska
26121,Michigan
26127,Michigan
26139,Michigan
26141,Michigan
26151,Michigan
26153,Michigan
45019,South Carolina
46071,South Dakota
46081,South Dakota
46083,South Dakota
46089,South Dakota
46099,South Dakota
46105,South Dakota
46109,South Dakota
33001,New Hampshire
33007,New Hampshire
33011,New Hampshire
33013,New Hampshire
34001,New Jersey
34005,New Jersey
34011,New Jersey
31031,Nebraska
31043,Nebraska
31049,Nebraska
31055,Nebraska
31061,Nebraska
31067,Nebraska
39035,Ohio
39051,Ohio
39053,Ohio
29063,Missouri
29069,Missouri
29081,Missouri
29089,Missouri
29091,Missouri
37015,North Carolina
37023,North Carolina
37029,North Carolina
37031,North Carolina
29133,Missouri
29143,Missouri
29149,Missouri
29155,Missouri
29165,Missouri
37101,North Carolina
37107,North Carolina
37113,North Carolina
37119,North Carolina
37125,North Carolina
40001,Oklahoma
40007,Oklahoma
40021,Oklahoma
40023,Oklahoma
40033,Oklahoma
40041,Oklahoma
40051,Oklahoma
37189,North Carolina
48051,Texas
35023,New Mexico
35029,New Mexico
35031,New Mexico
35035,New Mexico
47153,Tennessee
47157,Tennessee
47163,Tennessee
47171,Tennessee
47181,Tennessee
45057,South Carolina
36085,New York
36097,New York
36105,New York
36111,New York
36115,New York
36119,New York
45091,South Carolina
46009,South Dakota
46013,South Dakota
46021,South Dakota
29209,Missouri
29217,Missouri
29227,Missouri
30001,Montana
37171,North Carolina
37177,North Carolina
39067,Ohio
39073,Ohio
39079,Ohio
48057,Texas
48071,Texas
48093,Texas
48097,Texas
24510,Maryland
45063,South Carolina
45067,South Carolina
45077,South Carolina
26053,Michigan
46027,South Dakota
46031,South Dakota
46047,South Dakota
46053,South Dakota
27007,Minnesota
27015,Minnesota
27021,Minnesota
27027,Minnesota
46123,South Dakota
46135,South Dakota
30011,Montana
30017,Montana
30025,Montana
30027,Montana
30033,Montana
30039,Montana
30045,Montana
31131,Nebraska
25005,Massachusetts
25009,Massachusetts
25019,Massachusetts
34023,New Jersey
26055,Michigan
31091,Nebraska
31095,Nebraska
31103,Nebraska
31111,Nebraska
28089,Mississippi
28093,Mississippi
27031,Minnesota
27049,Minnesota
27055,Minnesota
37049,North Carolina
37051,North Carolina
37131,North Carolina
37137,North Carolina
37149,North Carolina
37155,North Carolina
42091,Pennsylvania
42097,Pennsylvania
42103,Pennsylvania
34025,New Jersey
34039,New Jersey
35003,New Mexico
35005,New Mexico
35009,New Mexico
30061,Montana
38001,North Dakota
09011,Connecticut
10001,Delaware
10003,Delaware
12009,Florida
12075,Florida
05031,Arkansas
05035,Arkansas
05041,Arkansas
05057,Arkansas
05063,Arkansas
05069,Arkansas
05075,Arkansas
05077,Arkansas
04025,Arizona
05005,Arkansas
05007,Arkansas
16073,Idaho
16085,Idaho
16087,Idaho
17013,Illinois
17021,Illinois
17027,Illinois
16031,Idaho
16035,Idaho
16037,Idaho
16049,Idaho
16059,Idaho
18023,Indiana
12021,Florida
12033,Florida
16007,Idaho
16011,Idaho
16013,Idaho
05105,Arkansas
05107,Arkansas
05119,Arkansas
17031,Illinois
18123,Indiana
18129,Indiana
18143,Indiana
18147,Indiana
18155,Indiana
18163,Indiana
18029,Indiana
18037,Indiana
18039,Indiana
13135,Georgia
13145,Georgia
13151,Georgia
13161,Georgia
13167,Georgia
13177,Georgia
13179,Georgia
20107,Kansas
20117,Kansas
17149,Illinois
17157,Illinois
17161,Illinois
17171,Illinois
17173,Illinois
17181,Illinois
17185,Illinois
17193,Illinois
17201,Illinois
13287,Georgia
13291,Georgia
13299,Georgia
21105,Kentucky
48273,Texas
48311,Texas
48315,Texas
48321,Texas
48337,Texas
54047,West Virginia
54057,West Virginia
54063,West Virginia
54071,West Virginia
54077,West Virginia
51059,Virginia
51071,Virginia
51077,Virginia
51083,Virginia
51089,Virginia
51093,Virginia
51099,Virginia
51105,Virginia
21033,Kentucky
13305,Georgia
51117,Virginia
53007,Washington
48117,Texas
48261,Texas
48135,Texas
48141,Texas
48155,Texas
48161,Texas
48165,Texas
51107,Virginia
51131,Virginia
51147,Virginia
51149,Virginia
51159,Virginia
51161,Virginia
51165,Virginia
51175,Virginia
51177,Virginia
55061,Wisconsin
56039,Wyoming
53047,Washington
48129,Texas
48167,Texas
48221,Texas
48225,Texas
48229,Texas
48245,Texas
48257,Texas
51193,Virginia
51199,Virginia
53031,Washington
55031,Wisconsin
55051,Wisconsin
53049,Washington
51570,Virginia
51630,Virginia
51650,Virginia
51700,Virginia
51735,Virginia
51770,Virginia
55071,Wisconsin
55079,Wisconsin
55089,Wisconsin
53055,Washington
53061,Washington
53071,Washington
53073,Washington
22039,Louisiana
27139,Minnesota
31113,Nebraska
37043,North Carolina
39057,Ohio
36009,New York
47169,Tennessee
46073,South Dakota
48365,Texas
48207,Texas
51690,Virginia
55131,Wisconsin
54067,West Virginia
51087,Virginia
01043,Alabama
01109,Alabama
09009,Connecticut
05049,Arkansas
05127,Arkansas
21117,Kentucky
19123,Iowa
47015,Tennessee
38011,North Dakota
38083,North Dakota
48375,Texas
31065,Nebraska
28135,Mississippi
41019,Oregon
29013,Missouri
55001,Wisconsin
53057,Washington
06085,California
13017,Georgia
18047,Indiana
22123,Louisiana
26067,Michigan
37185,North Carolina
45015,South Carolina
13045,Georgia
37093,North Carolina
20149,Kansas
28033,Mississippi
42001,Pennsylvania
37161,North Carolina
21051,Kentucky
13245,Georgia
13251,Georgia
13261,Georgia
13263,Georgia
13273,Georgia
20193,Kansas
20199,Kansas
20201,Kansas
21195,Kentucky
21211,Kentucky
21213,Kentucky
21223,Kentucky
21225,Kentucky
20037,Kansas
20043,Kansas
20061,Kansas
20067,Kansas
20071,Kansas
20083,Kansas
20089,Kansas
22019,Louisiana
22027,Louisiana
22029,Louisiana
22037,Louisiana
53009,Washington
53027,Washington
55105,Wisconsin
55117,Wisconsin
55127,Wisconsin
55009,Wisconsin
49047,Utah
49053,Utah
50001,Vermont
50009,Vermont
50017,Vermont
50023,Vermont
22003,Louisiana
22009,Louisiana
22101,Louisiana
22107,Louisiana
22109,Louisiana
21021,Kentucky
21023,Kentucky
22045,Louisiana
21047,Kentucky
21055,Kentucky
21059,Kentucky
21073,Kentucky
21075,Kentucky
21089,Kentucky
21095,Kentucky
55137,Wisconsin
56001,Wyoming
56007,Wyoming
56011,Wyoming
56013,Wyoming
56021,Wyoming
54031,West Virginia
54035,West Virginia
54041,West Virginia
50027,Vermont
51001,Virginia
51021,Virginia
51027,Virginia
51037,Virginia
51041,Virginia
02050,Alaska
02105,Alaska
02122,Alaska
02150,Alaska
02164,Alaska
02180,Alaska
02188,Alaska
02198,Alaska
02261,Alaska
02270,Alaska
02070,Alaska
02110,Alaska
02130,Alaska
02185,Alaska
02195,Alaska
02220,Alaska
02230,Alaska
02020,Alaska
02068,Alaska
02013,Alaska
02275,Alaska
02240,Alaska
02090,Alaska
02100,Alaska
02170,Alaska
02016,Alaska
02060,Alaska
02290,Alaska
02282,Alaska
15009,Hawaii
15001,Hawaii
15007,Hawaii
15005,Hawaii
15003,Hawaii
